crop_id,crop_name,crop_category,temperature_min_c,temperature_optimal_min_c,temperature_optimal_max_c,temperature_max_c,rainfall_min_mm,rainfall_optimal_min_mm,rainfall_optimal_max_mm,rainfall_max_mm,humidity_min_percent,humidity_optimal_min_percent,humidity_optimal_max_percent,humidity_max_percent,ph_min,ph_optimal_min,ph_optimal_max,ph_max,nitrogen_min,nitrogen_optimal_min,nitrogen_optimal_max,nitrogen_max,phosphorus_min,phosphorus_optimal_min,phosphorus_optimal_max,phosphorus_max,potassium_min,potassium_optimal_min,potassium_optimal_max,potassium_max,soil_moisture_min_percent,soil_moisture_optimal_min_percent,soil_moisture_optimal_max_percent,soil_moisture_max_percent,soil_types,water_requirement,drought_tolerance,waterlogging_tolerance,temperature_tolerance,growth_duration_days,source,source_notes,confidence
C001,Barley,Cereals,10,15,25,30,200,350,500,750,50,60,75,85,5.5,6.0,7.5,8.2,40,60,80,100,20,30,40,50,20,30,40,50,30,40,60,70,"loamy, well-drained, sandy loam",Low,High,Low,High,120,multiple_sources,"Temperature, rainfall, and pH ranges integrated from ICAR-IIWBR package of practices and merged dataset.",High
C002,Basmati Rice,Cereals,20,23,30,35,1000,1150,1350,1600,70,80,85,95,5.0,5.5,6.8,7.8,80,100,120,140,30,40,50,60,30,40,50,60,60,75,90,100,"clay loam, silty clay, heavy loam",Very High,Low,High,Moderate,135,multiple_sources,Basmati Rice requires high water and specific thermal window during flowering (ICAR-NRRI/IARI).,High
C003,Finger Millet,Cereals,18,22,30,37,400,500,900,1200,50,60,80,90,5.0,5.5,7.5,8.2,40,50,60,80,20,30,40,50,20,25,35,45,30,40,60,75,"red loam, sandy loam, well-drained",Low,High,Low,High,110,multiple_sources,Finger millet (Ragi) is highly drought-tolerant with low moisture needs (ICAR-IIMR).,High
C004,Maize,Cereals,15,21,30,38,500,600,800,1100,50,60,75,85,5.5,6.2,7.2,8.0,80,100,120,150,40,50,60,80,30,40,60,80,40,50,70,80,"well-drained loam, silt loam, deep fertile soil",Moderate,Moderate,Low,Moderate,105,multiple_sources,ICAR-IIMR recommended NPK and growth duration parameters.,High
C005,Pearl Millet,Cereals,20,25,34,42,250,350,600,900,40,50,70,85,5.5,6.5,7.8,8.5,40,60,80,100,20,30,40,50,20,30,40,50,25,35,55,70,"sandy, sandy loam, light well-drained soil",Low,High,Low,High,85,multiple_sources,Pearl Millet (Bajra) is exceptionally heat and drought tolerant (ICAR-AICRPPM).,High
C006,Rice,Cereals,20,25,33,38,1000,1200,1500,2000,65,75,85,95,5.0,5.5,6.8,7.8,80,100,120,150,30,40,60,75,30,40,60,75,60,75,90,100,"clay, clay loam, silty clay loam",Very High,Low,High,Moderate,125,multiple_sources,ICAR-NRRI standard rice recommendations for Kharif/Rabi.,High
C007,Sorghum,Cereals,16,24,32,40,400,500,750,1000,45,55,75,85,5.5,6.2,7.8,8.5,60,80,100,120,30,40,50,60,20,30,40,50,30,40,60,75,"deep black cotton soil, clay loam, loam",Low,High,Low,High,110,multiple_sources,Sorghum (Jowar) ICAR-IIMR agronomic reference.,High
C008,Wheat,Cereals,5,15,23,32,350,450,650,900,50,60,75,85,6.0,6.5,7.5,8.4,100,120,140,160,40,50,60,75,30,40,60,75,40,50,70,80,"loam, clay loam, fertile silt loam",Moderate,Moderate,Low,Moderate,130,multiple_sources,ICAR-IIWBR Rabi wheat specification.,High
C009,Black Gram,Pulses,22,25,33,38,450,600,800,1000,55,65,75,85,6.0,6.5,7.8,8.2,15,20,25,35,40,50,60,75,20,30,40,50,35,45,65,75,"loamy, heavy black soil, well-drained clay loam",Low,Moderate,Low,Moderate,80,multiple_sources,Black Gram (Urad) pulse crop specifications (ICAR-IIPR).,High
C010,Chickpea,Pulses,10,18,26,33,300,400,600,800,30,45,65,80,6.0,6.8,7.8,8.5,15,20,30,40,30,40,60,75,20,30,40,50,30,40,60,70,"well-drained sandy loam, light clay, black soil",Low,High,Low,Moderate,110,multiple_sources,Chickpea (Chana) Rabi pulse standard (ICAR-IIPR).,High
C011,Green Gram,Pulses,20,27,34,40,350,450,700,900,50,60,75,85,6.2,6.5,7.5,8.0,15,20,25,35,35,40,50,65,20,25,35,45,30,40,60,70,"well-drained loam, sandy loam",Low,Moderate,Low,High,75,multiple_sources,Green Gram (Moong) short-duration pulse (ICAR-IIPR).,High
C012,Horse Gram,Pulses,18,22,32,38,300,400,700,950,40,50,70,85,5.0,5.8,7.2,8.0,15,20,25,35,30,40,50,60,15,20,30,40,25,35,55,70,"poor, gravelly, sandy loam, red soil",Low,High,Low,High,120,multiple_sources,Horse Gram (Kulthi) hardy drought pulse.,High
C013,Lentil,Pulses,10,18,25,30,300,400,600,800,40,50,70,80,5.8,6.2,7.5,8.2,15,20,25,35,30,40,50,65,15,20,30,40,30,40,60,70,"loam, silt loam, clay loam",Low,Moderate,Low,Moderate,115,multiple_sources,Lentil (Masoor) Rabi pulse requirements.,High
C014,Moth Bean,Pulses,22,26,35,42,200,300,500,750,35,45,65,80,5.5,6.5,8.2,8.8,10,15,20,30,20,30,40,50,15,20,30,40,20,30,50,65,"sandy, desert soil, light sandy loam",Low,High,Low,High,75,multiple_sources,Moth Bean (Matki) extreme arid pulse crop.,High
C015,Pigeon Pea,Pulses,18,24,32,38,600,700,1000,1300,50,60,75,85,5.5,6.5,7.8,8.4,15,20,30,40,40,50,60,80,20,30,40,60,35,45,65,75,"deep well-drained loam, clay loam",Moderate,High,Low,Moderate,160,multiple_sources,Pigeon Pea (Arhar/Tur) long-duration Kharif pulse.,High
C016,Mustard,Oilseeds,10,15,25,30,250,350,500,700,50,60,75,85,6.0,6.5,7.8,8.2,60,75,90,110,30,40,50,60,20,30,40,50,35,45,65,75,"sandy loam, loam, clay loam",Low,High,Low,Moderate,120,multiple_sources,Mustard (Sarson) ICAR-DRMR agronomy specs.,High
C017,Soybean,Oilseeds,18,23,30,35,600,750,900,1200,55,65,80,90,5.8,6.3,7.2,7.8,20,30,40,50,60,75,90,100,30,40,50,60,45,55,75,85,"well-drained fertile loam, black cotton soil",Moderate,Moderate,Low,Moderate,105,multiple_sources,Soybean ICAR-IISR Indore specs.,High
C018,Sunflower,Oilseeds,15,20,28,35,500,600,800,1000,45,55,70,80,6.0,6.5,7.8,8.2,50,60,80,100,40,50,60,80,30,40,50,60,35,45,65,75,"deep loamy soil, well-drained black soil",Moderate,Moderate,Low,Moderate,95,multiple_sources,Sunflower ICAR-IIOR reference.,High
C019,Cotton,Cash Crops,18,24,32,40,650,750,1000,1300,55,65,80,90,6.0,6.8,8.0,8.5,90,110,130,160,40,50,60,80,40,60,80,100,45,55,75,85,"deep black cotton soil, clay loam",High,Moderate,Low,High,165,multiple_sources,Cotton ICAR-CICR Nagpur specs.,High
C020,Jute,Cash Crops,24,28,35,38,1200,1500,1800,2200,70,80,90,98,5.0,6.0,7.2,7.8,60,80,100,120,30,40,50,60,30,40,60,75,60,70,85,95,"alluvial soil, loamy silt, clay loam",High,Low,High,Moderate,130,multiple_sources,Jute ICAR-CRIJAF Barrackpore specs.,High
C021,Bitter Gourd,Vegetables,20,24,30,36,500,600,900,1200,60,70,85,95,6.0,6.5,7.2,7.8,60,80,100,120,30,40,50,60,40,50,60,80,45,55,75,85,"sandy loam, silt loam rich in organic matter",Moderate,Low,Low,Moderate,85,multiple_sources,Bitter Gourd cucurbit vegetable requirements (ICAR-IIHR).,High
C022,Bottle Gourd,Vegetables,20,25,32,38,500,600,900,1200,60,70,85,95,6.0,6.5,7.5,8.0,80,100,120,140,40,50,60,75,40,50,60,80,50,60,75,85,"well-drained sandy loam, rich alluvial loam",Moderate,Low,Low,Moderate,90,multiple_sources,Bottle Gourd (Lauki) cucurbit specs.,High
C023,Brinjal,Vegetables,18,22,30,35,600,700,1000,1300,60,70,80,90,5.8,6.2,7.2,7.8,80,100,120,150,40,50,60,80,40,50,60,80,50,60,75,85,"silt loam, clay loam, rich well-drained soil",Moderate,Low,Low,Moderate,120,multiple_sources,Brinjal (Eggplant) ICAR-IIVR vegetable reference.,High
C024,Cabbage,Vegetables,12,15,22,28,450,550,750,1000,60,70,85,95,6.0,6.5,7.2,7.8,100,120,150,180,50,60,80,100,50,60,80,100,55,65,80,90,"sandy loam, silt loam rich in organic matter",Moderate,Low,Low,Moderate,90,multiple_sources,Cabbage cool-season vegetable requirements.,High
C025,Carrot,Vegetables,10,15,22,28,400,500,700,900,55,65,80,90,6.0,6.5,7.2,7.8,50,60,80,100,40,50,60,80,60,80,100,120,50,60,75,85,"deep friable sandy loam, loose loamy soil",Moderate,Low,Low,Moderate,85,fertilizer_merged,Carrot root crop requirements from fertilizer dataset & ICAR.,High
C026,Cauliflower,Vegetables,12,16,22,28,450,550,750,1000,60,70,85,95,6.0,6.5,7.2,7.8,100,120,150,180,50,60,80,100,50,60,80,100,55,65,80,90,"loamy soil, rich well-drained silt loam",Moderate,Low,Low,Low,95,multiple_sources,Cauliflower cool-season vegetable requirements.,High
C027,Cucumber,Vegetables,18,22,28,35,400,500,750,1000,60,70,85,95,5.8,6.2,7.2,7.6,60,80,100,120,40,50,60,80,60,80,100,120,50,60,75,85,"sandy loam, well-drained loamy soil",Moderate,Low,Low,Moderate,65,multiple_sources,Cucumber quick-maturing vegetable specifications.,High
C028,Drumstick,Vegetables,20,25,35,42,300,400,800,1200,50,60,80,90,6.0,6.5,7.8,8.5,40,50,60,80,20,30,40,50,20,30,40,50,30,40,60,70,"sandy loam, loamy, well-drained dry soil",Low,High,Low,High,240,multiple_sources,Drumstick (Moringa) perennial tree vegetable specs.,High
C029,Garlic,Vegetables,12,16,24,30,350,450,650,850,55,65,80,90,6.0,6.5,7.5,8.0,60,80,100,120,40,50,60,75,40,50,60,80,45,55,70,80,"rich sandy loam, loose fertile silt loam",Moderate,Low,Low,Moderate,135,multiple_sources,Garlic Rabi spice/vegetable ICAR-DOGR specs.,High
C030,Okra,Vegetables,20,25,34,40,500,650,900,1200,55,65,80,90,6.0,6.5,7.5,8.0,70,90,110,130,40,50,60,75,40,50,60,80,45,55,75,85,"sandy loam, loamy, friable clay loam",Moderate,Moderate,Low,High,90,multiple_sources,Okra (Bhindi) warm-season vegetable reference.,High
C031,Onion,Vegetables,12,16,25,34,450,550,750,950,55,65,75,85,6.0,6.5,7.5,8.0,80,100,125,150,40,50,60,75,40,60,80,100,45,55,70,80,"friable sandy loam, deep silt loam",Moderate,Low,Low,Moderate,130,multiple_sources,Onion ICAR-DOGR Pune agronomic specs.,High
C032,Potato,Vegetables,10,15,22,28,400,500,700,900,60,70,85,92,5.2,5.5,6.5,7.0,120,140,160,180,60,75,90,100,80,100,120,150,55,65,80,90,"well-drained sandy loam, loose alluvial soil",Moderate,Low,Low,Low,100,multiple_sources,Potato ICAR-CPRI Shimla specs.,High
C033,Pumpkin,Vegetables,18,22,28,35,450,550,850,1100,55,65,80,90,5.8,6.2,7.2,7.8,60,80,100,120,40,50,60,80,30,40,60,80,45,55,75,85,"deep sandy loam, rich loamy soil",Moderate,Moderate,Low,Moderate,110,multiple_sources,Pumpkin cucurbit vegetable specs.,High
C034,Radish,Vegetables,10,15,22,28,350,450,650,850,60,70,85,95,6.0,6.5,7.2,7.8,40,50,60,80,30,40,50,60,40,50,60,80,50,60,75,85,"loose sandy loam, light alluvial loam",Moderate,Low,Low,Moderate,45,multiple_sources,Radish quick-maturing root vegetable.,High
C035,Ridge Gourd,Vegetables,20,24,30,36,450,550,850,1100,60,70,85,95,6.0,6.5,7.5,8.0,60,80,100,120,30,40,50,60,30,40,60,80,45,55,75,85,"sandy loam, rich well-drained loamy soil",Moderate,Low,Low,Moderate,80,multiple_sources,Ridge Gourd (Tori) cucurbit vegetable requirements.,High
C036,Tomato,Vegetables,15,20,28,35,500,600,800,1000,60,70,80,90,6.0,6.2,7.2,7.8,100,120,140,160,50,60,80,100,60,80,100,120,50,60,75,85,"well-drained sandy loam, rich silt loam",Moderate,Low,Low,Moderate,120,multiple_sources,Tomato ICAR-IIVR Varanasi specs.,High
C037,Apple,Fruits,4,12,22,28,800,1000,1250,1500,60,70,80,90,5.5,6.0,6.8,7.5,40,60,80,100,30,40,50,70,60,80,120,150,55,65,80,90,"deep well-drained loamy soil, mountain silt loam",High,Low,Low,Low,180,multiple_sources,Apple temperate fruit ICAR-CITH specs.,High
C038,Banana,Fruits,15,25,30,38,1200,1500,2000,2500,65,75,85,95,5.5,6.0,7.5,8.0,150,200,250,300,50,60,80,100,200,250,300,350,60,70,85,95,"deep rich loamy soil, well-drained clay loam",Very High,Low,Low,Moderate,330,multiple_sources,Banana ICAR-NRCB Trichy specs.,High
C039,Coconut,Fruits,20,27,32,38,1300,1500,2300,3000,70,80,90,98,5.2,5.8,7.5,8.2,500,600,750,900,250,300,400,500,750,900,1200,1500,60,70,85,95,"coastal sand, alluvial loam, laterite soil",Very High,Moderate,Moderate,High,365,multiple_sources,Coconut ICAR-CPCRI Kasaragod plantation spec.,High
C040,Grapes,Fruits,12,18,30,40,500,600,850,1000,45,55,70,80,6.0,6.5,7.5,8.2,100,120,150,180,40,60,80,100,150,180,220,260,40,50,70,80,"well-drained sandy loam, gravelly loam",Moderate,Moderate,Low,High,150,multiple_sources,Grapes ICAR-NRCG Pune fruit specs.,High
C041,Jackfruit,Fruits,18,24,32,38,1000,1200,1800,2400,65,75,85,95,5.0,5.5,7.2,7.8,60,80,100,120,30,40,50,60,50,60,80,100,50,60,75,85,"deep rich alluvial soil, well-drained loamy soil",Moderate,Moderate,Low,High,365,multiple_sources,Jackfruit perennial tree fruit specs.,High
C042,Mango,Fruits,18,24,32,42,750,900,1400,2000,50,60,75,85,5.5,6.0,7.2,7.8,100,150,200,250,40,60,80,100,100,150,200,250,40,50,70,80,"deep well-drained loam, alluvial soil",Moderate,High,Low,High,365,multiple_sources,Mango ICAR-CISH Lucknow fruit specs.,High
C043,Muskmelon,Fruits,22,27,34,40,300,400,600,800,50,60,75,85,6.0,6.5,7.2,7.8,80,100,120,140,40,50,60,75,40,50,60,80,40,50,65,75,"sandy loam, riverbed alluvial soil",Low,Moderate,Low,High,90,multiple_sources,Muskmelon (Kharbooza) Zaid fruit specs.,High
C044,Orange/Mandarin,Fruits,12,18,30,38,900,1100,1500,1800,55,65,80,90,6.0,6.5,7.5,8.0,120,150,200,250,40,60,80,100,80,100,140,180,50,60,75,85,"deep well-drained loam, sandy loam",High,Low,Low,Moderate,365,multiple_sources,Mandarin Orange ICAR-CCRI Nagpur specs.,High
C045,Papaya,Fruits,18,23,32,40,1000,1200,1600,2000,60,70,85,95,6.0,6.5,7.2,7.8,150,200,250,300,150,200,250,300,200,250,300,350,55,65,80,90,"rich well-drained sandy loam, alluvial loam",High,Low,Low,Moderate,270,multiple_sources,Papaya fruit specs.,High
C046,Pomegranate,Fruits,15,22,32,42,400,500,750,1000,40,50,70,80,6.5,7.0,8.0,8.5,100,120,150,200,40,50,60,80,100,120,150,200,35,45,65,75,"well-drained loamy soil, gravelly loam",Low,High,Low,High,365,multiple_sources,Pomegranate ICAR-NRCP Solapur specs.,High
C047,Watermelon,Fruits,20,24,32,38,400,500,700,900,50,60,75,85,6.0,6.5,7.2,7.8,80,100,120,140,40,50,60,75,40,50,60,80,45,55,70,80,"sandy loam, rich alluvial riverbed soil",Moderate,Moderate,Low,High,90,multiple_sources,Watermelon Zaid fruit crop specs.,High
C048,Black Pepper,Spices,15,20,30,35,1500,2000,2800,3500,70,80,90,98,4.5,5.0,6.2,6.8,50,80,100,120,30,50,60,80,100,120,150,180,60,70,85,95,"red laterite, forest humus loam",High,Low,Low,Moderate,365,multiple_sources,Black Pepper ICAR-IISR Kozhikode plantation spice spec.,High
C049,Cardamom,Spices,10,15,25,32,1500,2000,3000,4000,75,85,95,100,4.5,5.0,6.0,6.5,50,75,100,120,40,60,75,90,100,150,200,250,65,75,90,100,rich forest loam with high organic matter,Very High,Low,Low,Low,365,multiple_sources,Small Cardamom ICAR-IISR shade spice spec.,High
C050,Coriander,Spices,10,15,25,30,300,400,600,800,50,60,75,85,6.0,6.5,7.5,8.0,30,40,50,60,20,30,40,50,20,30,40,50,35,45,65,75,"loamy soil, well-drained silt loam",Low,Moderate,Low,Moderate,100,multiple_sources,Coriander ICAR-NRCSS Ajmer spice specs.,High
C051,Turmeric,Spices,18,22,32,38,1200,1500,2000,2500,65,75,85,95,5.0,5.5,6.8,7.5,60,90,120,150,30,50,60,80,80,100,120,150,55,65,80,90,"friable sandy loam, clay loam rich in humus",High,Low,Low,Moderate,240,multiple_sources,Turmeric ICAR-IISR spice specifications.,High
